newname,oldname
withMask1.jpg,anastasiia-chepinska-eGjHhmC_3ww-unsplash.jpg
withMask2.jpg,andre-ravazzi-_J_sEExDRz8-unsplash.jpg
withMask3.jpg,atoms-IJQvAgiz0ZI-unsplash.jpg
withMask4.jpg,atoms-odHg_WUrZ10-unsplash.jpg
withMask5.jpg,bermix-studio-isH9t36hwiM-unsplash.jpg
withMask6.jpg,djurre-stoove-NGVVRUj9r1k-unsplash.jpg
withMask7.jpg,engin-akyurt-MxLFnkkUTCU-unsplash.jpg
withMask8.jpg,engin-akyurt-sY7897-Sps0-unsplash.jpg
withMask9.jpg,engin-akyurt-WBM97UGM0QA-unsplash.jpg
withMask10.jpg,engin-akyurt-Y-K06KGg7ak-unsplash.jpg
withMask11.jpg,gayatri-malhotra-EJWaKVPB6iI-unsplash.jpg
withMask12.jpg,gayatri-malhotra-vSOruKs0CjA-unsplash.jpg
withMask13.jpg,girl-g6e14f3aa3_1920.jpg
withMask14.jpg,hayley-lyla-xgBOS_RTZVg-unsplash.jpg
withMask15.jpg,izzy-park-6bZkUO7wVno-unsplash.jpg
withMask16.jpg,izzy-park-RnAcIEfDvhQ-unsplash.jpg
withMask17.jpg,jackson-david-faXXg8_p10I-unsplash.jpg
withMask18.jpg,jasmin-chew-Z5NocBDdebQ-unsplash.jpg
withMask19.jpg,julian-wan-uMYh2tCL5sw-unsplash.jpg
withMask20.jpg,kalden-swart-Ptwd7zHFxbg-unsplash.jpg
withMask21.jpg,liuba-bilyk-jzC_PQ4c7yM-unsplash.jpg
withMask22.jpg,luke-jones-YmpC_Avl_7g-unsplash.jpg
withMask23.jpg,masao-mask-alK4my_attg-unsplash.jpg
withMask24.jpg,masao-mask-MMqhO_1xN4I-unsplash.jpg
withMask25.jpg,mask-ge1ac079a6_1920.jpg
withMask26.jpg,michael-amadeus-oidJ1WGkIeY-unsplash.jpg
withMask27.jpg,miikka-luotio-nScBOus9WjY-unsplash.jpg
withMask28.jpg,mobo-jackson-pV3dYlcC3WE-unsplash.jpg
withMask29.jpg,nurse-gd9dc4e037_1920.jpg
withMask30.jpg,onder-ortel-fVn26rPmO7o-unsplash.jpg
withMask31.jpg,paul-merki-809yLNYOhAU-unsplash.jpg
withMask32.jpg,volodymyr-hryshchenko-c-gZIBMYrPs-unsplash.jpg
withMask33.jpg,volodymyr-hryshchenko-OHaBZ99WPjE-unsplash.jpg
withMask34.jpg,zach-vessels-uL7VVvKhR0U-unsplash.jpg
withMask35.jpg,not_withMask35.jpg
withMask36.jpg,not_withMask36.jpg
withMask37.jpg,not_withMask37.jpg
withMask38.jpg,not_withMask38.jpg
withMask39.jpg,not_withMask39.jpg
withMask40.jpg,not_withMask40.jpg
withMask41.jpg,not_withMask41.jpg
withMask42.jpg,not_withMask42.jpg
withMask43.jpg,not_withMask43.jpg
withMask44.jpg,not_withMask44.jpg
withMask45.jpg,not_withMask45.jpg
withMask46.jpg,not_withMask46.jpg
withMask47.jpg,not_withMask47.jpg
withMask48.jpg,not_withMask48.jpg
withMask49.jpg,not_withMask49.jpg
withMask50.jpg,not_withMask50.jpg
withMask51.jpg,not_withMask51.jpg
withMask52.jpg,not_withMask52.jpg
withMask53.jpg,not_withMask53.jpg
withMask54.jpg,not_withMask54.jpg
withMask55.jpg,not_withMask55.jpg
withMask56.jpg,not_withMask56.jpg
withMask57.jpg,not_withMask57.jpg
withMask58.jpg,not_withMask58.jpg
withMask59.jpg,not_withMask59.jpg
withMask60.jpg,not_withMask60.jpg
withMask61.jpg,not_withMask61.jpg
withMask62.jpg,not_withMask62.jpg
withMask63.jpg,not_withMask63.jpg
withMask64.jpg,not_withMask64.jpg
withMask65.jpg,not_withMask65.jpg
withMask66.jpg,not_withMask66.jpg
withMask67.jpg,not_withMask67.jpg
withMask68.jpg,not_withMask68.jpg
